-- MySQL dump 10.13  Distrib 5.5.38, for debian-linux-gnu (x86_64)
--
-- Host: localhost    Database: cmdb
-- ------------------------------------------------------
-- Server version	5.5.38-0ubuntu0.14.04.1

/*!40101 SET @OLD_CHARACTER_SET_CLIENT=@@CHARACTER_SET_CLIENT */;
/*!40101 SET @OLD_CHARACTER_SET_RESULTS=@@CHARACTER_SET_RESULTS */;
/*!40101 SET @OLD_COLLATION_CONNECTION=@@COLLATION_CONNECTION */;
/*!40101 SET NAMES utf8 */;
/*!40103 SET @OLD_TIME_ZONE=@@TIME_ZONE */;
/*!40103 SET TIME_ZONE='+00:00' */;
/*!40014 SET @OLD_UNIQUE_CHECKS=@@UNIQUE_CHECKS, UNIQUE_CHECKS=0 */;
/*!40014 SET @OLD_FOREIGN_KEY_CHECKS=@@FOREIGN_KEY_CHECKS, FOREIGN_KEY_CHECKS=0 */;
/*!40101 SET @OLD_SQL_MODE=@@SQL_MODE, SQL_MODE='NO_AUTO_VALUE_ON_ZERO' */;
/*!40111 SET @OLD_SQL_NOTES=@@SQL_NOTES, SQL_NOTES=0 */;

--
-- Table structure for table `items`
--

DROP TABLE IF EXISTS `items`;
/*!40101 SET @saved_cs_client     = @@character_set_client */;
/*!40101 SET character_set_client = utf8 */;
CREATE TABLE `items` (
  `uuid` int(11) NOT NULL AUTO_INCREMENT,
  `type_id` int(11) NOT NULL,
  PRIMARY KEY (`uuid`),
  UNIQUE KEY `uuid` (`uuid`)
) ENGINE=InnoDB AUTO_INCREMENT=3 DEFAULT CHARSET=utf8 COLLATE=utf8_unicode_ci;
/*!40101 SET character_set_client = @saved_cs_client */;

--
-- Dumping data for table `items`
--

LOCK TABLES `items` WRITE;
/*!40000 ALTER TABLE `items` DISABLE KEYS */;
INSERT INTO `items` VALUES (1,1),(2,1);
/*!40000 ALTER TABLE `items` ENABLE KEYS */;
UNLOCK TABLES;

--
-- Table structure for table `properties`
--

DROP TABLE IF EXISTS `properties`;
/*!40101 SET @saved_cs_client     = @@character_set_client */;
/*!40101 SET character_set_client = utf8 */;
CREATE TABLE `properties` (
  `prop_id` int(11) NOT NULL AUTO_INCREMENT,
  `type_id` int(11) NOT NULL,
  `prop_name` varchar(256) CHARACTER SET latin1 NOT NULL,
  PRIMARY KEY (`prop_id`),
  UNIQUE KEY `uuid` (`prop_id`)
) ENGINE=InnoDB AUTO_INCREMENT=10 DEFAULT CHARSET=utf8 COLLATE=utf8_unicode_ci;
/*!40101 SET character_set_client = @saved_cs_client */;

--
-- Dumping data for table `properties`
--

LOCK TABLES `properties` WRITE;
/*!40000 ALTER TABLE `properties` DISABLE KEYS */;
INSERT INTO `properties` VALUES (1,1,'UUID'),(2,1,'NAME'),(3,1,'CPU'),(4,1,'RAM'),(5,1,'HDD'),(6,1,'hostname'),(7,1,'MAC Address'),(8,1,'IP Address'),(9,1,'Owner');
/*!40000 ALTER TABLE `properties` ENABLE KEYS */;
UNLOCK TABLES;

--
-- Table structure for table `type`
--

DROP TABLE IF EXISTS `type`;
/*!40101 SET @saved_cs_client     = @@character_set_client */;
/*!40101 SET character_set_client = utf8 */;
CREATE TABLE `type` (
  `type_id` int(11) NOT NULL AUTO_INCREMENT,
  `type_name` varchar(50) CHARACTER SET latin1 NOT NULL,
  `prop_id` int(11) NOT NULL,
  `worker_id` int(11) NOT NULL,
  PRIMARY KEY (`type_id`),
  UNIQUE KEY `uuid` (`type_id`)
) ENGINE=InnoDB AUTO_INCREMENT=3 DEFAULT CHARSET=utf8 COLLATE=utf8_unicode_ci;
/*!40101 SET character_set_client = @saved_cs_client */;

--
-- Dumping data for table `type`
--

LOCK TABLES `type` WRITE;
/*!40000 ALTER TABLE `type` DISABLE KEYS */;
INSERT INTO `type` VALUES (1,'VPS',1,0),(2,'ShareFolders',2,0);
/*!40000 ALTER TABLE `type` ENABLE KEYS */;
UNLOCK TABLES;

--
-- Table structure for table `values`
--

DROP TABLE IF EXISTS `values`;
/*!40101 SET @saved_cs_client     = @@character_set_client */;
/*!40101 SET character_set_client = utf8 */;
CREATE TABLE `values` (
  `value_id` int(11) NOT NULL AUTO_INCREMENT,
  `prop_id` int(11) NOT NULL,
  `uuid` int(11) NOT NULL,
  `value` varchar(256) CHARACTER SET latin1 NOT NULL,
  PRIMARY KEY (`value_id`)
) ENGINE=InnoDB AUTO_INCREMENT=10 DEFAULT CHARSET=utf8 COLLATE=utf8_unicode_ci;
/*!40101 SET character_set_client = @saved_cs_client */;

--
-- Dumping data for table `values`
--

LOCK TABLES `values` WRITE;
/*!40000 ALTER TABLE `values` DISABLE KEYS */;
INSERT INTO `values` VALUES (1,1,1,'4232447b-b651-7fb6-0a65-a08c74773dcb'),(2,2,1,'CMDB'),(3,3,1,'1'),(4,4,1,'1024'),(5,6,1,'cmdb.at-consulting.ru'),(6,7,1,'00:50:56:b2:36:a3'),(7,8,1,'192.168.15.183'),(8,9,1,'kav@at-consulting.ru'),(9,9,1,'vkarmanov@at-consulting.ru');
/*!40000 ALTER TABLE `values` ENABLE KEYS */;
UNLOCK TABLES;

--
-- Table structure for table `worker`
--

DROP TABLE IF EXISTS `worker`;
/*!40101 SET @saved_cs_client     = @@character_set_client */;
/*!40101 SET character_set_client = utf8 */;
CREATE TABLE `worker` (
  `worker_id` int(11) NOT NULL AUTO_INCREMENT,
  `worker_path` varchar(256) CHARACTER SET latin1 NOT NULL,
  `worker_values_id` int(11) NOT NULL,
  PRIMARY KEY (`worker_id`)
) ENGINE=InnoDB DEFAULT CHARSET=utf8 COLLATE=utf8_unicode_ci;
/*!40101 SET character_set_client = @saved_cs_client */;

--
-- Dumping data for table `worker`
--

LOCK TABLES `worker` WRITE;
/*!40000 ALTER TABLE `worker` DISABLE KEYS */;
/*!40000 ALTER TABLE `worker` ENABLE KEYS */;
UNLOCK TABLES;

--
-- Table structure for table `worker_values`
--

DROP TABLE IF EXISTS `worker_values`;
/*!40101 SET @saved_cs_client     = @@character_set_client */;
/*!40101 SET character_set_client = utf8 */;
CREATE TABLE `worker_values` (
  `id` int(11) NOT NULL AUTO_INCREMENT,
  `worker_id` int(11) NOT NULL,
  `value` int(11) NOT NULL,
  PRIMARY KEY (`id`)
) ENGINE=InnoDB DEFAULT CHARSET=utf8 COLLATE=utf8_unicode_ci;
/*!40101 SET character_set_client = @saved_cs_client */;

--
-- Dumping data for table `worker_values`
--

LOCK TABLES `worker_values` WRITE;
/*!40000 ALTER TABLE `worker_values` DISABLE KEYS */;
/*!40000 ALTER TABLE `worker_values` ENABLE KEYS */;
UNLOCK TABLES;
/*!40103 SET TIME_ZONE=@OLD_TIME_ZONE */;

/*!40101 SET SQL_MODE=@OLD_SQL_MODE */;
/*!40014 SET FOREIGN_KEY_CHECKS=@OLD_FOREIGN_KEY_CHECKS */;
/*!40014 SET UNIQUE_CHECKS=@OLD_UNIQUE_CHECKS */;
/*!40101 SET CHARACTER_SET_CLIENT=@OLD_CHARACTER_SET_CLIENT */;
/*!40101 SET CHARACTER_SET_RESULTS=@OLD_CHARACTER_SET_RESULTS */;
/*!40101 SET COLLATION_CONNECTION=@OLD_COLLATION_CONNECTION */;
/*!40111 SET SQL_NOTES=@OLD_SQL_NOTES */;

-- Dump completed on 2014-10-07 16:50:10
