-- MySQL dump 10.13  Distrib 5.5.38, for debian-linux-gnu (x86_64)
--
-- Host: localhost    Database: cmdb
-- ------------------------------------------------------
-- Server version	5.5.38-0ubuntu0.14.04.1

/*!40101 SET @OLD_CHARACTER_SET_CLIENT=@@CHARACTER_SET_CLIENT */;
/*!40101 SET @OLD_CHARACTER_SET_RESULTS=@@CHARACTER_SET_RESULTS */;
/*!40101 SET @OLD_COLLATION_CONNECTION=@@COLLATION_CONNECTION */;
/*!40101 SET NAMES utf8 */;
/*!40103 SET @OLD_TIME_ZONE=@@TIME_ZONE */;
/*!40103 SET TIME_ZONE='+00:00' */;
/*!40014 SET @OLD_UNIQUE_CHECKS=@@UNIQUE_CHECKS, UNIQUE_CHECKS=0 */;
/*!40014 SET @OLD_FOREIGN_KEY_CHECKS=@@FOREIGN_KEY_CHECKS, FOREIGN_KEY_CHECKS=0 */;
/*!40101 SET @OLD_SQL_MODE=@@SQL_MODE, SQL_MODE='NO_AUTO_VALUE_ON_ZERO' */;
/*!40111 SET @OLD_SQL_NOTES=@@SQL_NOTES, SQL_NOTES=0 */;

--
-- Table structure for table `dictionary`
--

DROP TABLE IF EXISTS `dictionary`;
/*!40101 SET @saved_cs_client     = @@character_set_client */;
/*!40101 SET character_set_client = utf8 */;
CREATE TABLE `dictionary` (
  `id` int(11) NOT NULL AUTO_INCREMENT,
  `name` varchar(50) COLLATE utf8_unicode_ci NOT NULL,
  PRIMARY KEY (`id`),
  UNIQUE KEY `id` (`id`)
) ENGINE=InnoDB AUTO_INCREMENT=3 DEFAULT CHARSET=utf8 COLLATE=utf8_unicode_ci;
/*!40101 SET character_set_client = @saved_cs_client */;

--
-- Dumping data for table `dictionary`
--

LOCK TABLES `dictionary` WRITE;
/*!40000 ALTER TABLE `dictionary` DISABLE KEYS */;
INSERT INTO `dictionary` VALUES (1,'RAM'),(2,'OperationSystem');
/*!40000 ALTER TABLE `dictionary` ENABLE KEYS */;
UNLOCK TABLES;

--
-- Table structure for table `dictionary_values`
--

DROP TABLE IF EXISTS `dictionary_values`;
/*!40101 SET @saved_cs_client     = @@character_set_client */;
/*!40101 SET character_set_client = utf8 */;
CREATE TABLE `dictionary_values` (
  `id` int(11) NOT NULL AUTO_INCREMENT,
  `dict_id` int(11) NOT NULL,
  `value` varchar(256) COLLATE utf8_unicode_ci NOT NULL,
  PRIMARY KEY (`id`),
  UNIQUE KEY `id` (`id`)
) ENGINE=InnoDB AUTO_INCREMENT=7 DEFAULT CHARSET=utf8 COLLATE=utf8_unicode_ci;
/*!40101 SET character_set_client = @saved_cs_client */;

--
-- Dumping data for table `dictionary_values`
--

LOCK TABLES `dictionary_values` WRITE;
/*!40000 ALTER TABLE `dictionary_values` DISABLE KEYS */;
INSERT INTO `dictionary_values` VALUES (1,2,'RHEL 5.5 x64'),(2,2,'RHEL 6.5 x64'),(3,2,'RHEL 7.0 x64'),(4,2,'CentOS Linux 6.5 x64'),(5,2,'CentOS Linux 7.0 x64'),(6,2,'Windos Server 2008 R2 x64');
/*!40000 ALTER TABLE `dictionary_values` ENABLE KEYS */;
UNLOCK TABLES;

--
-- Table structure for table `properties`
--

DROP TABLE IF EXISTS `properties`;
/*!40101 SET @saved_cs_client     = @@character_set_client */;
/*!40101 SET character_set_client = utf8 */;
CREATE TABLE `properties` (
  `prop_id` int(11) NOT NULL AUTO_INCREMENT,
  `type_id` int(11) NOT NULL,
  `prop_name` varchar(256) CHARACTER SET latin1 NOT NULL,
  `dictionare_id` int(11) DEFAULT NULL,
  PRIMARY KEY (`prop_id`),
  UNIQUE KEY `uuid` (`prop_id`)
) ENGINE=InnoDB AUTO_INCREMENT=10 DEFAULT CHARSET=utf8 COLLATE=utf8_unicode_ci;
/*!40101 SET character_set_client = @saved_cs_client */;

--
-- Dumping data for table `properties`
--

LOCK TABLES `properties` WRITE;
/*!40000 ALTER TABLE `properties` DISABLE KEYS */;
INSERT INTO `properties` VALUES (1,1,'UUID',NULL),(2,1,'NAME',NULL),(3,1,'CPU',NULL),(4,1,'RAM',NULL),(5,1,'HDD',NULL),(6,1,'hostname',NULL),(7,1,'MAC Address',NULL),(8,1,'IP Address',NULL),(9,1,'Owner',NULL);
/*!40000 ALTER TABLE `properties` ENABLE KEYS */;
UNLOCK TABLES;

--
-- Table structure for table `resources`
--

DROP TABLE IF EXISTS `resources`;
/*!40101 SET @saved_cs_client     = @@character_set_client */;
/*!40101 SET character_set_client = utf8 */;
CREATE TABLE `resources` (
  `uuid` int(11) NOT NULL AUTO_INCREMENT,
  `type_id` int(11) NOT NULL,
  `cteate_date` datetime NOT NULL,
  `update_date` datetime NOT NULL,
  PRIMARY KEY (`uuid`),
  UNIQUE KEY `uuid` (`uuid`)
) ENGINE=InnoDB AUTO_INCREMENT=3 DEFAULT CHARSET=utf8 COLLATE=utf8_unicode_ci;
/*!40101 SET character_set_client = @saved_cs_client */;

--
-- Dumping data for table `resources`
--

LOCK TABLES `resources` WRITE;
/*!40000 ALTER TABLE `resources` DISABLE KEYS */;
INSERT INTO `resources` VALUES (1,1,'2014-10-08 00:00:00','2014-10-08 00:00:00'),(2,1,'2014-10-09 00:00:00','2014-10-09 00:00:00');
/*!40000 ALTER TABLE `resources` ENABLE KEYS */;
UNLOCK TABLES;

--
-- Table structure for table `type`
--

DROP TABLE IF EXISTS `type`;
/*!40101 SET @saved_cs_client     = @@character_set_client */;
/*!40101 SET character_set_client = utf8 */;
CREATE TABLE `type` (
  `type_id` int(11) NOT NULL AUTO_INCREMENT,
  `type_name` varchar(50) CHARACTER SET latin1 NOT NULL,
  `worker_id` int(11) NOT NULL,
  PRIMARY KEY (`type_id`),
  UNIQUE KEY `uuid` (`type_id`)
) ENGINE=InnoDB AUTO_INCREMENT=3 DEFAULT CHARSET=utf8 COLLATE=utf8_unicode_ci;
/*!40101 SET character_set_client = @saved_cs_client */;

--
-- Dumping data for table `type`
--

LOCK TABLES `type` WRITE;
/*!40000 ALTER TABLE `type` DISABLE KEYS */;
INSERT INTO `type` VALUES (1,'Virtual Mashin',0),(2,'ShareFolders',0);
/*!40000 ALTER TABLE `type` ENABLE KEYS */;
UNLOCK TABLES;

--
-- Table structure for table `users`
--

DROP TABLE IF EXISTS `users`;
/*!40101 SET @saved_cs_client     = @@character_set_client */;
/*!40101 SET character_set_client = utf8 */;
CREATE TABLE `users` (
  `id` int(11) NOT NULL AUTO_INCREMENT,
  `login` varchar(100) COLLATE utf8_unicode_ci NOT NULL,
  `pass` int(255) NOT NULL,
  PRIMARY KEY (`id`),
  UNIQUE KEY `id` (`id`)
) ENGINE=InnoDB DEFAULT CHARSET=utf8 COLLATE=utf8_unicode_ci;
/*!40101 SET character_set_client = @saved_cs_client */;

--
-- Dumping data for table `users`
--

LOCK TABLES `users` WRITE;
/*!40000 ALTER TABLE `users` DISABLE KEYS */;
/*!40000 ALTER TABLE `users` ENABLE KEYS */;
UNLOCK TABLES;

--
-- Table structure for table `values`
--

DROP TABLE IF EXISTS `values`;
/*!40101 SET @saved_cs_client     = @@character_set_client */;
/*!40101 SET character_set_client = utf8 */;
CREATE TABLE `values` (
  `value_id` int(11) NOT NULL AUTO_INCREMENT,
  `prop_id` int(11) NOT NULL,
  `uuid` int(11) NOT NULL,
  `value` varchar(256) CHARACTER SET latin1 NOT NULL,
  `last_user` varchar(50) COLLATE utf8_unicode_ci NOT NULL,
  `up_date` datetime NOT NULL,
  `last_value` tinyint(1) NOT NULL DEFAULT '1',
  PRIMARY KEY (`value_id`),
  UNIQUE KEY `value_id` (`value_id`)
) ENGINE=InnoDB AUTO_INCREMENT=12 DEFAULT CHARSET=utf8 COLLATE=utf8_unicode_ci;
/*!40101 SET character_set_client = @saved_cs_client */;

--
-- Dumping data for table `values`
--

LOCK TABLES `values` WRITE;
/*!40000 ALTER TABLE `values` DISABLE KEYS */;
INSERT INTO `values` VALUES (1,1,1,'4232447b-b651-7fb6-0a65-a08c74773dcb','','2014-10-07 00:00:00',1),(2,2,1,'CMDB','','2014-10-07 00:00:00',1),(3,3,1,'1','','2014-10-07 00:00:00',1),(4,4,1,'1024','','2014-10-07 00:00:00',1),(5,6,1,'cmdb.at-consulting.ru','','2014-10-07 00:00:00',1),(6,7,1,'00:50:56:b2:36:a3','','2014-10-07 00:00:00',1),(7,8,1,'192.168.15.183','','2014-10-07 00:00:00',0),(8,9,1,'kav@at-consulting.ru','','2014-10-07 00:00:00',1),(9,9,1,'vkarmanov@at-consulting.ru','','2014-10-07 00:00:00',1),(10,8,1,'192.168.15.184','','2014-10-07 15:22:23',0),(11,8,1,'192.168.15.180','','2014-10-08 08:22:23',1);
/*!40000 ALTER TABLE `values` ENABLE KEYS */;
UNLOCK TABLES;

--
-- Table structure for table `worker`
--

DROP TABLE IF EXISTS `worker`;
/*!40101 SET @saved_cs_client     = @@character_set_client */;
/*!40101 SET character_set_client = utf8 */;
CREATE TABLE `worker` (
  `worker_id` int(11) NOT NULL AUTO_INCREMENT,
  `worker_path` varchar(256) CHARACTER SET latin1 NOT NULL,
  `worker_values_id` int(11) NOT NULL,
  PRIMARY KEY (`worker_id`),
  UNIQUE KEY `worker_id` (`worker_id`)
) ENGINE=InnoDB DEFAULT CHARSET=utf8 COLLATE=utf8_unicode_ci;
/*!40101 SET character_set_client = @saved_cs_client */;

--
-- Dumping data for table `worker`
--

LOCK TABLES `worker` WRITE;
/*!40000 ALTER TABLE `worker` DISABLE KEYS */;
/*!40000 ALTER TABLE `worker` ENABLE KEYS */;
UNLOCK TABLES;

--
-- Table structure for table `worker_values`
--

DROP TABLE IF EXISTS `worker_values`;
/*!40101 SET @saved_cs_client     = @@character_set_client */;
/*!40101 SET character_set_client = utf8 */;
CREATE TABLE `worker_values` (
  `id` int(11) NOT NULL AUTO_INCREMENT,
  `worker_id` int(11) NOT NULL,
  `value` int(11) NOT NULL,
  PRIMARY KEY (`id`)
) ENGINE=InnoDB DEFAULT CHARSET=utf8 COLLATE=utf8_unicode_ci;
/*!40101 SET character_set_client = @saved_cs_client */;

--
-- Dumping data for table `worker_values`
--

LOCK TABLES `worker_values` WRITE;
/*!40000 ALTER TABLE `worker_values` DISABLE KEYS */;
/*!40000 ALTER TABLE `worker_values` ENABLE KEYS */;
UNLOCK TABLES;
/*!40103 SET TIME_ZONE=@OLD_TIME_ZONE */;

/*!40101 SET SQL_MODE=@OLD_SQL_MODE */;
/*!40014 SET FOREIGN_KEY_CHECKS=@OLD_FOREIGN_KEY_CHECKS */;
/*!40014 SET UNIQUE_CHECKS=@OLD_UNIQUE_CHECKS */;
/*!40101 SET CHARACTER_SET_CLIENT=@OLD_CHARACTER_SET_CLIENT */;
/*!40101 SET CHARACTER_SET_RESULTS=@OLD_CHARACTER_SET_RESULTS */;
/*!40101 SET COLLATION_CONNECTION=@OLD_COLLATION_CONNECTION */;
/*!40111 SET SQL_NOTES=@OLD_SQL_NOTES */;

-- Dump completed on 2014-10-08 11:03:13
